variable_name,description,category,wave,n_nonmissing,n_missing,dtype
ID,Unique participant identifier,Identifiers,Non-wave,25873,0,Integer
gender_wave1,"Sex (0=male, 1=female)",Demographics,Wave 1,13095,12778,Continuous (float)
nation_wave1,"Ethnicity (1=Han, 0=other)",Demographics,Wave 1,13567,12306,Continuous (float)
hibpe_wave1,"Hypertension (1=self-reported diagnosis, 0=no)",Disease History,Wave 1,17470,8403,Continuous (float)
dyslipe_wave1,"Dyslipidemia (1=self-reported diagnosis, 0=no)",Disease History,Wave 1,17213,8660,Continuous (float)
diabe_wave1,"Diabetes (1=self-reported diagnosis, 0=no)",Disease History,Wave 1,17408,8465,Continuous (float)
cancre_wave1,"Cancer (1=self-reported diagnosis, 0=no)",Disease History,Wave 1,17486,8387,Continuous (float)
lunge_wave1,"Chronic lung disease (1=self-reported diagnosis, 0=no)",Disease History,Wave 1,17496,8377,Continuous (float)
livere_wave1,"Liver disease (1=self-reported diagnosis, 0=no)",Disease History,Wave 1,17438,8435,Continuous (float)
hearte_wave1,"Heart disease (1=self-reported diagnosis, 0=no)",Disease History,Wave 1,17467,8406,Continuous (float)
stroke_wave1,"Stroke (1=self-reported diagnosis, 0=no)",Disease History,Wave 1,17526,8347,Continuous (float)
kidneye_wave1,"Kidney disease (1=self-reported diagnosis, 0=no)",Disease History,Wave 1,17452,8421,Continuous (float)
digeste_wave1,"Digestive disease (1=self-reported diagnosis, 0=no)",Disease History,Wave 1,17517,8356,Continuous (float)
psyche_wave1,"Psychiatric/emotional problems (1=self-reported diagnosis, 0=no)",Disease History,Wave 1,17490,8383,Continuous (float)
memrye_wave1,"Memory-related disease (1=self-reported diagnosis, 0=no)",Disease History,Wave 1,17507,8366,Continuous (float)
arthre_wave1,"Arthritis/rheumatism (1=self-reported diagnosis, 0=no)",Disease History,Wave 1,17524,8349,Continuous (float)
asthmae_wave1,"Asthma (1=self-reported diagnosis, 0=no)",Disease History,Wave 1,17497,8376,Continuous (float)
doctor_time_wave1,Number of outpatient visits (past month),Healthcare Utilization,Wave 1,17330,8543,Continuous (float)
hospital_time_wave1,Number of inpatient admissions (past year),Healthcare Utilization,Wave 1,17506,8367,Continuous (float)
da042s1_wave1,,Healthcare Utilization,Wave 1,17510,8363,Continuous (float)
da042s2_wave1,,Healthcare Utilization,Wave 1,17510,8363,Continuous (float)
da042s3_wave1,,Healthcare Utilization,Wave 1,17510,8363,Continuous (float)
da042s4_wave1,,Healthcare Utilization,Wave 1,17510,8363,Continuous (float)
da042s5_wave1,,Healthcare Utilization,Wave 1,17510,8363,Continuous (float)
da042s6_wave1,,Healthcare Utilization,Wave 1,17510,8363,Continuous (float)
da042s7_wave1,,Healthcare Utilization,Wave 1,17510,8363,Continuous (float)
da042s8_wave1,,Healthcare Utilization,Wave 1,17510,8363,Continuous (float)
da042s9_wave1,,Healthcare Utilization,Wave 1,17510,8363,Continuous (float)
da042s10_wave1,,Healthcare Utilization,Wave 1,17510,8363,Continuous (float)
da042s11_wave1,,Healthcare Utilization,Wave 1,17510,8363,Continuous (float)
da042s12_wave1,,Healthcare Utilization,Wave 1,17510,8363,Continuous (float)
da042s13_wave1,,Healthcare Utilization,Wave 1,17510,8363,Continuous (float)
da042s14_wave1,,Healthcare Utilization,Wave 1,17510,8363,Continuous (float)
da042s15_wave1,,Healthcare Utilization,Wave 1,17510,8363,Continuous (float)
sleep_wave1,Average sleep duration (hours/night),Lifestyle & Behavior,Wave 1,16091,9782,Continuous (float)
act_1_wave1,,Lifestyle & Behavior,Wave 1,16224,9649,Continuous (float)
act_2_wave1,,Lifestyle & Behavior,Wave 1,16224,9649,Continuous (float)
act_3_wave1,,Lifestyle & Behavior,Wave 1,16224,9649,Continuous (float)
act_4_wave1,,Lifestyle & Behavior,Wave 1,16224,9649,Continuous (float)
act_5_wave1,,Lifestyle & Behavior,Wave 1,16224,9649,Continuous (float)
act_6_wave1,,Lifestyle & Behavior,Wave 1,16224,9649,Continuous (float)
act_7_wave1,,Lifestyle & Behavior,Wave 1,16224,9649,Continuous (float)
act_8_wave1,,Lifestyle & Behavior,Wave 1,16224,9649,Continuous (float)
iwy_wave1,"Individual wage (annual, yuan)",Work & Income,Wave 1,17708,8165,Continuous (float)
iwm_wave1,"Individual income (annual, yuan)",Work & Income,Wave 1,17708,8165,Continuous (float)
retire_wave1,"Retirement status (1=retired, 0=not)",Work & Income,Wave 1,17124,8749,Continuous (float)
rural_wave1,"Rural residence (1=rural, 0=urban)",Demographics,Wave 1,17708,8165,Continuous (float)
family_size_wave1,Number of household members,Demographics,Wave 1,17708,8165,Continuous (float)
marry_wave1,"Marital status (1=married/partnered, 0=other)",Demographics,Wave 1,17675,8198,Continuous (float)
rural2_wave1,Rural residence (alternative coding),Demographics,Wave 1,17663,8210,Continuous (float)
srh_wave1,"Self-rated health (1=very good, 5=very poor)",Self-rated Health,Wave 1,17561,8312,Continuous (float)
smokev_wave1,"Smoking status (0=never, 1=former, 2=current)",Lifestyle & Behavior,Wave 1,17559,8314,Continuous (float)
smoken_wave1,Cigarettes per day (current smokers),Lifestyle & Behavior,Wave 1,16907,8966,Continuous (float)
drinkl_wave1,Alcohol consumption frequency,Lifestyle & Behavior,Wave 1,17552,8321,Continuous (float)
vgact_c_wave1,,Lifestyle & Behavior,Wave 1,6918,18955,Continuous (float)
mdact_c_wave1,,Lifestyle & Behavior,Wave 1,6914,18959,Continuous (float)
ltact_c_wave1,,Lifestyle & Behavior,Wave 1,6899,18974,Continuous (float)
memeory_wave1,Memory score component,Cognitive Function,Wave 1,14010,11863,Continuous (float)
executive_wave1,Executive function score component,Cognitive Function,Wave 1,14011,11862,Continuous (float)
total_cognition_wave1,Total cognitive function score,Cognitive Function,Wave 1,12694,13179,Continuous (float)
cesd10_wave1,CESD-10 depression score (range 0-30),Depression,Wave 1,16037,9836,Continuous (float)
hhcperc_wave1,Household consumption per capita,Living Arrangements,Wave 1,14769,11104,Continuous (float)
hchild_wave1,Number of living children,Living Arrangements,Wave 1,17708,8165,Continuous (float)
pension_wave1,Pension receipt status,Insurance & Social Security,Wave 1,13553,12320,Continuous (float)
ins_wave1,Health insurance type,Insurance & Social Security,Wave 1,17467,8406,Continuous (float)
ea001s1_wave1,,Work & Income,Wave 1,17467,8406,Continuous (float)
ea001s2_wave1,,Work & Income,Wave 1,17467,8406,Continuous (float)
ea001s3_wave1,,Work & Income,Wave 1,17467,8406,Continuous (float)
ea001s4_wave1,,Work & Income,Wave 1,17467,8406,Continuous (float)
ea001s5_wave1,,Work & Income,Wave 1,17467,8406,Continuous (float)
ea001s11_wave1,,Work & Income,Wave 1,17467,8406,Continuous (float)
satlife_wave1,,Other,Wave 1,14362,11511,Continuous (float)
adlab_c_wave1,,Functional Status,Wave 1,17362,8511,Continuous (float)
iadl_wave1,IADL summary score,Functional Status,Wave 1,17548,8325,Continuous (float)
fcamt_wave1,,Other,Wave 1,17520,8353,Continuous (float)
tcamt_wave1,,Other,Wave 1,17549,8324,Continuous (float)
income_total_wave1,,Other,Wave 1,10541,15332,Continuous (float)
doctor_wave1,,Other,Wave 1,17422,8451,Continuous (float)
hospital_wave1,,Other,Wave 1,17510,8363,Continuous (float)
fall_down_wave1,,Other,Wave 1,16240,9633,Continuous (float)
hip_wave1,,Other,Wave 1,16242,9631,Continuous (float)
127,,Other,Non-wave,17708,8165,Continuous (float)
city_wave1,,Other,Wave 1,17708,8165,Continuous (float)
age_wave1,Age in years,Demographics,Wave 1,17568,8305,Continuous (float)
edu_wave1,,Other,Wave 1,17646,8227,Continuous (float)
exercise_wave1,,Other,Wave 1,6912,18961,Continuous (float)
totmet_wave1,,Other,Wave 1,6852,19021,Continuous (float)
chronic_wave1,,Other,Wave 1,17577,8296,Continuous (float)
ea001s6_wave1,,Work & Income,Wave 1,17467,8406,Continuous (float)
ea001s7_wave1,,Work & Income,Wave 1,17467,8406,Continuous (float)
ea001s8_wave1,,Work & Income,Wave 1,17467,8406,Continuous (float)
ea001s9_wave1,,Work & Income,Wave 1,0,25873,Continuous (float)
ea001s10_wave1,,Work & Income,Wave 1,0,25873,Continuous (float)
disability_wave1,,Other,Wave 1,17576,8297,Continuous (float)
drinkev_wave1,,Other,Wave 1,17541,8332,Continuous (float)
bmi_wave1,"Body Mass Index (kg/m², calculated from measured weight/height)",Physical Measures,Wave 1,13621,12252,Continuous (float)
oophos1y_wave1,,Other,Wave 1,17381,8492,Continuous (float)
tothos1y_wave1,,Other,Wave 1,17388,8485,Continuous (float)
oopdoc1m_wave1,,Other,Wave 1,17117,8756,Continuous (float)
totdoc1m_wave1,,Other,Wave 1,17200,8673,Continuous (float)
bloodweight_wave1,Blood sample weight,Physical Measures,Wave 1,11847,14026,Continuous (float)
bl_fasting_wave1,,Other,Wave 1,11590,14283,Continuous (float)
bl_wbc_wave1,,Other,Wave 1,11528,14345,Continuous (float)
bl_mcv_wave1,,Other,Wave 1,11532,14341,Continuous (float)
bl_plt_wave1,,Other,Wave 1,11531,14342,Continuous (float)
bl_bun_wave1,,Other,Wave 1,11662,14211,Continuous (float)
bl_glu_wave1,,Other,Wave 1,11636,14237,Continuous (float)
bl_crea_wave1,,Other,Wave 1,11634,14239,Continuous (float)
bl_cho_wave1,,Other,Wave 1,11655,14218,Continuous (float)
bl_tg_wave1,,Other,Wave 1,11656,14217,Continuous (float)
bl_hdl_wave1,"HDL cholesterol (mg/dL, blood assay)",Blood Biomarkers,Wave 1,11663,14210,Continuous (float)
bl_ldl_wave1,"LDL cholesterol (mg/dL, blood assay)",Blood Biomarkers,Wave 1,11642,14231,Continuous (float)
bl_crp_wave1,"C-reactive protein (mg/L, blood assay)",Blood Biomarkers,Wave 1,11664,14209,Continuous (float)
bl_hbalc_wave1,,Other,Wave 1,11706,14167,Continuous (float)
bl_ua_wave1,,Other,Wave 1,11664,14209,Continuous (float)
bl_hct_wave1,,Other,Wave 1,11839,14034,Continuous (float)
bl_hgb_wave1,,Other,Wave 1,11530,14343,Continuous (float)
bl_cysc_wave1,,Other,Wave 1,8878,16995,Continuous (float)
bl_top_coding_tg_wave1,,Other,Wave 1,0,25873,Continuous (float)
wspeed1_wave1,,Other,Wave 1,5770,20103,Continuous (float)
wspeed2_wave1,,Other,Wave 1,5769,20104,Continuous (float)
wspeed_wave1,,Other,Wave 1,5742,20131,Continuous (float)
systo1_wave1,,Other,Wave 1,13772,12101,Continuous (float)
systo2_wave1,,Other,Wave 1,13740,12133,Continuous (float)
systo3_wave1,,Other,Wave 1,13710,12163,Continuous (float)
systo_wave1,,Other,Wave 1,13740,12133,Continuous (float)
diasto1_wave1,,Other,Wave 1,13772,12101,Continuous (float)
diasto2_wave1,,Other,Wave 1,13739,12134,Continuous (float)
diasto3_wave1,,Other,Wave 1,13712,12161,Continuous (float)
diasto_wave1,,Other,Wave 1,13739,12134,Continuous (float)
pulse1_wave1,,Other,Wave 1,13768,12105,Continuous (float)
pulse2_wave1,,Other,Wave 1,13734,12139,Continuous (float)
pulse3_wave1,,Other,Wave 1,13703,12170,Continuous (float)
pulse_wave1,"Pulse rate (bpm, mean of 3 measurements)",Physical Measures,Wave 1,13734,12139,Continuous (float)
lgrip1_wave1,"Left hand grip strength (kg, trial 1)",Physical Measures,Wave 1,13524,12349,Continuous (float)
lgrip2_wave1,"Left hand grip strength (kg, trial 2)",Physical Measures,Wave 1,13528,12345,Continuous (float)
lgrip_wave1,,Other,Wave 1,13573,12300,Continuous (float)
rgrip1_wave1,"Right hand grip strength (kg, trial 1)",Physical Measures,Wave 1,13500,12373,Continuous (float)
rgrip2_wave1,"Right hand grip strength (kg, trial 2)",Physical Measures,Wave 1,13497,12376,Continuous (float)
rgrip_wave1,,Other,Wave 1,13561,12312,Continuous (float)
mheight_wave1,Measured height (cm),Physical Measures,Wave 1,13695,12178,Continuous (float)
mweight_wave1,Measured weight (kg),Physical Measures,Wave 1,13728,12145,Continuous (float)
mwaist_wave1,Measured waist circumference (cm),Physical Measures,Wave 1,13769,12104,Continuous (float)
tyg_wave1,Triglyceride-Glucose Index: ln[TG×FPG/2],Blood Biomarkers,Wave 1,11636,14237,Continuous (float)
tyg_bmi_wave1,TyG-BMI product,Blood Biomarkers,Wave 1,9774,16099,Continuous (float)
water_wave1,,Other,Wave 1,17488,8385,Continuous (float)
puff1_wave1,,Other,Wave 1,13276,12597,Continuous (float)
puff2_wave1,,Other,Wave 1,13247,12626,Continuous (float)
puff3_wave1,,Other,Wave 1,13252,12621,Continuous (float)
puff_wave1,,Other,Wave 1,13277,12596,Continuous (float)
glass_wave1,,Other,Wave 1,17569,8304,Continuous (float)
eyesight_distance_wave1,,Other,Wave 1,16248,9625,Continuous (float)
eyesight_close_wave1,,Other,Wave 1,16243,9630,Continuous (float)
hear_aid_wave1,,Other,Wave 1,17568,8305,Continuous (float)
hear_wave1,,Other,Wave 1,17559,8314,Continuous (float)
teeth_wave1,,Other,Wave 1,17568,8305,Continuous (float)
hspnite_wave1,,Other,Wave 1,17464,8409,Continuous (float)
hibpe_1_wave1,,Disease History,Wave 1,17509,8364,Continuous (float)
diabe_1_wave1,,Disease History,Wave 1,17430,8443,Continuous (float)
gender_wave2,"Sex (0=male, 1=female)",Demographics,Wave 2,14526,11347,Continuous (float)
nation_wave2,"Ethnicity (1=Han, 0=other)",Demographics,Wave 2,15085,10788,Continuous (float)
hibpe_wave2,"Hypertension (1=self-reported diagnosis, 0=no)",Disease History,Wave 2,17680,8193,Continuous (float)
dyslipe_wave2,"Dyslipidemia (1=self-reported diagnosis, 0=no)",Disease History,Wave 2,17162,8711,Continuous (float)
diabe_wave2,"Diabetes (1=self-reported diagnosis, 0=no)",Disease History,Wave 2,17534,8339,Continuous (float)
cancre_wave2,"Cancer (1=self-reported diagnosis, 0=no)",Disease History,Wave 2,17637,8236,Continuous (float)
lunge_wave2,"Chronic lung disease (1=self-reported diagnosis, 0=no)",Disease History,Wave 2,17660,8213,Continuous (float)
livere_wave2,"Liver disease (1=self-reported diagnosis, 0=no)",Disease History,Wave 2,17580,8293,Continuous (float)
hearte_wave2,"Heart disease (1=self-reported diagnosis, 0=no)",Disease History,Wave 2,17655,8218,Continuous (float)
stroke_wave2,"Stroke (1=self-reported diagnosis, 0=no)",Disease History,Wave 2,17704,8169,Continuous (float)
kidneye_wave2,"Kidney disease (1=self-reported diagnosis, 0=no)",Disease History,Wave 2,17606,8267,Continuous (float)
digeste_wave2,"Digestive disease (1=self-reported diagnosis, 0=no)",Disease History,Wave 2,17734,8139,Continuous (float)
psyche_wave2,"Psychiatric/emotional problems (1=self-reported diagnosis, 0=no)",Disease History,Wave 2,17663,8210,Continuous (float)
memrye_wave2,"Memory-related disease (1=self-reported diagnosis, 0=no)",Disease History,Wave 2,17672,8201,Continuous (float)
arthre_wave2,"Arthritis/rheumatism (1=self-reported diagnosis, 0=no)",Disease History,Wave 2,17753,8120,Continuous (float)
asthmae_wave2,"Asthma (1=self-reported diagnosis, 0=no)",Disease History,Wave 2,17684,8189,Continuous (float)
doctor_time_wave2,Number of outpatient visits (past month),Healthcare Utilization,Wave 2,18223,7650,Continuous (float)
hospital_time_wave2,Number of inpatient admissions (past year),Healthcare Utilization,Wave 2,18368,7505,Continuous (float)
da042s1_wave2,,Healthcare Utilization,Wave 2,16727,9146,Continuous (float)
da042s2_wave2,,Healthcare Utilization,Wave 2,16727,9146,Continuous (float)
da042s3_wave2,,Healthcare Utilization,Wave 2,16727,9146,Continuous (float)
da042s4_wave2,,Healthcare Utilization,Wave 2,16727,9146,Continuous (float)
da042s5_wave2,,Healthcare Utilization,Wave 2,16727,9146,Continuous (float)
da042s6_wave2,,Healthcare Utilization,Wave 2,16727,9146,Continuous (float)
da042s7_wave2,,Healthcare Utilization,Wave 2,16727,9146,Continuous (float)
da042s8_wave2,,Healthcare Utilization,Wave 2,16727,9146,Continuous (float)
da042s9_wave2,,Healthcare Utilization,Wave 2,16727,9146,Continuous (float)
da042s10_wave2,,Healthcare Utilization,Wave 2,16727,9146,Continuous (float)
da042s11_wave2,,Healthcare Utilization,Wave 2,16727,9146,Continuous (float)
da042s12_wave2,,Healthcare Utilization,Wave 2,16727,9146,Continuous (float)
da042s13_wave2,,Healthcare Utilization,Wave 2,16727,9146,Continuous (float)
da042s14_wave2,,Healthcare Utilization,Wave 2,16727,9146,Continuous (float)
da042s15_wave2,,Healthcare Utilization,Wave 2,16727,9146,Continuous (float)
sleep_wave2,Average sleep duration (hours/night),Lifestyle & Behavior,Wave 2,16414,9459,Continuous (float)
act_1_wave2,,Lifestyle & Behavior,Wave 2,18612,7261,Continuous (float)
act_2_wave2,,Lifestyle & Behavior,Wave 2,18612,7261,Continuous (float)
act_3_wave2,,Lifestyle & Behavior,Wave 2,18612,7261,Continuous (float)
act_4_wave2,,Lifestyle & Behavior,Wave 2,18612,7261,Continuous (float)
act_5_wave2,,Lifestyle & Behavior,Wave 2,18612,7261,Continuous (float)
act_6_wave2,,Lifestyle & Behavior,Wave 2,18612,7261,Continuous (float)
act_7_wave2,,Lifestyle & Behavior,Wave 2,18612,7261,Continuous (float)
act_8_wave2,,Lifestyle & Behavior,Wave 2,18612,7261,Continuous (float)
iwy_wave2,"Individual wage (annual, yuan)",Work & Income,Wave 2,18612,7261,Continuous (float)
iwm_wave2,"Individual income (annual, yuan)",Work & Income,Wave 2,18612,7261,Continuous (float)
retire_wave2,"Retirement status (1=retired, 0=not)",Work & Income,Wave 2,18231,7642,Continuous (float)
rural_wave2,"Rural residence (1=rural, 0=urban)",Demographics,Wave 2,18612,7261,Continuous (float)
family_size_wave2,Number of household members,Demographics,Wave 2,18612,7261,Continuous (float)
marry_wave2,"Marital status (1=married/partnered, 0=other)",Demographics,Wave 2,18585,7288,Continuous (float)
rural2_wave2,Rural residence (alternative coding),Demographics,Wave 2,18542,7331,Continuous (float)
srh_wave2,"Self-rated health (1=very good, 5=very poor)",Self-rated Health,Wave 2,17603,8270,Continuous (float)
smokev_wave2,"Smoking status (0=never, 1=former, 2=current)",Lifestyle & Behavior,Wave 2,18407,7466,Continuous (float)
smoken_wave2,Cigarettes per day (current smokers),Lifestyle & Behavior,Wave 2,14937,10936,Continuous (float)
drinkl_wave2,Alcohol consumption frequency,Lifestyle & Behavior,Wave 2,18371,7502,Continuous (float)
vgact_c_wave2,,Lifestyle & Behavior,Wave 2,6088,19785,Continuous (float)
mdact_c_wave2,,Lifestyle & Behavior,Wave 2,6079,19794,Continuous (float)
ltact_c_wave2,,Lifestyle & Behavior,Wave 2,6075,19798,Continuous (float)
memeory_wave2,Memory score component,Cognitive Function,Wave 2,15699,10174,Continuous (float)
executive_wave2,Executive function score component,Cognitive Function,Wave 2,14377,11496,Continuous (float)
total_cognition_wave2,Total cognitive function score,Cognitive Function,Wave 2,13952,11921,Continuous (float)
cesd10_wave2,CESD-10 depression score (range 0-30),Depression,Wave 2,16567,9306,Continuous (float)
hhcperc_wave2,Household consumption per capita,Living Arrangements,Wave 2,12187,13686,Continuous (float)
hchild_wave2,Number of living children,Living Arrangements,Wave 2,18612,7261,Continuous (float)
pension_wave2,Pension receipt status,Insurance & Social Security,Wave 2,16020,9853,Continuous (float)
ins_wave2,Health insurance type,Insurance & Social Security,Wave 2,18275,7598,Continuous (float)
ea001s1_wave2,,Work & Income,Wave 2,18612,7261,Continuous (float)
ea001s2_wave2,,Work & Income,Wave 2,18612,7261,Continuous (float)
ea001s3_wave2,,Work & Income,Wave 2,18612,7261,Continuous (float)
ea001s4_wave2,,Work & Income,Wave 2,18612,7261,Continuous (float)
ea001s5_wave2,,Work & Income,Wave 2,18612,7261,Continuous (float)
ea001s11_wave2,,Work & Income,Wave 2,18612,7261,Continuous (float)
satlife_wave2,,Other,Wave 2,16461,9412,Continuous (float)
adlab_c_wave2,,Functional Status,Wave 2,18242,7631,Continuous (float)
iadl_wave2,IADL summary score,Functional Status,Wave 2,18386,7487,Continuous (float)
fcamt_wave2,,Other,Wave 2,16206,9667,Continuous (float)
tcamt_wave2,,Other,Wave 2,16259,9614,Continuous (float)
income_total_wave2,,Other,Wave 2,9617,16256,Continuous (float)
doctor_wave2,,Other,Wave 2,18330,7543,Continuous (float)
hospital_wave2,,Other,Wave 2,18385,7488,Continuous (float)
fall_down_wave2,,Other,Wave 2,18399,7474,Continuous (float)
hip_wave2,,Other,Wave 2,18409,7464,Continuous (float)
128,,Other,Non-wave,18612,7261,Continuous (float)
city_wave2,,Other,Wave 2,18612,7261,Continuous (float)
age_wave2,Age in years,Demographics,Wave 2,18529,7344,Continuous (float)
edu_wave2,,Other,Wave 2,18582,7291,Continuous (float)
exercise_wave2,,Other,Wave 2,6084,19789,Continuous (float)
totmet_wave2,,Other,Wave 2,5977,19896,Continuous (float)
chronic_wave2,,Other,Wave 2,18022,7851,Continuous (float)
ea001s6_wave2,,Work & Income,Wave 2,18612,7261,Continuous (float)
ea001s7_wave2,,Work & Income,Wave 2,18612,7261,Continuous (float)
ea001s8_wave2,,Work & Income,Wave 2,18612,7261,Continuous (float)
ea001s9_wave2,,Work & Income,Wave 2,18612,7261,Continuous (float)
ea001s10_wave2,,Work & Income,Wave 2,0,25873,Continuous (float)
disability_wave2,,Other,Wave 2,17801,8072,Continuous (float)
drinkev_wave2,,Other,Wave 2,18361,7512,Continuous (float)
bmi_wave2,"Body Mass Index (kg/m², calculated from measured weight/height)",Physical Measures,Wave 2,12964,12909,Continuous (float)
oophos1y_wave2,,Other,Wave 2,18214,7659,Continuous (float)
tothos1y_wave2,,Other,Wave 2,18121,7752,Continuous (float)
oopdoc1m_wave2,,Other,Wave 2,17940,7933,Continuous (float)
totdoc1m_wave2,,Other,Wave 2,18024,7849,Continuous (float)
bloodweight_wave2,Blood sample weight,Physical Measures,Wave 2,0,25873,Continuous (float)
bl_fasting_wave2,,Other,Wave 2,0,25873,Continuous (float)
bl_wbc_wave2,,Other,Wave 2,0,25873,Continuous (float)
bl_mcv_wave2,,Other,Wave 2,0,25873,Continuous (float)
bl_plt_wave2,,Other,Wave 2,0,25873,Continuous (float)
bl_bun_wave2,,Other,Wave 2,0,25873,Continuous (float)
bl_glu_wave2,,Other,Wave 2,0,25873,Continuous (float)
bl_crea_wave2,,Other,Wave 2,0,25873,Continuous (float)
bl_cho_wave2,,Other,Wave 2,0,25873,Continuous (float)
bl_tg_wave2,,Other,Wave 2,0,25873,Continuous (float)
bl_hdl_wave2,"HDL cholesterol (mg/dL, blood assay)",Blood Biomarkers,Wave 2,0,25873,Continuous (float)
bl_ldl_wave2,"LDL cholesterol (mg/dL, blood assay)",Blood Biomarkers,Wave 2,0,25873,Continuous (float)
bl_crp_wave2,"C-reactive protein (mg/L, blood assay)",Blood Biomarkers,Wave 2,0,25873,Continuous (float)
bl_hbalc_wave2,,Other,Wave 2,0,25873,Continuous (float)
bl_ua_wave2,,Other,Wave 2,0,25873,Continuous (float)
bl_hct_wave2,,Other,Wave 2,0,25873,Continuous (float)
bl_hgb_wave2,,Other,Wave 2,0,25873,Continuous (float)
bl_cysc_wave2,,Other,Wave 2,0,25873,Continuous (float)
bl_top_coding_tg_wave2,,Other,Wave 2,0,25873,Continuous (float)
wspeed1_wave2,,Other,Wave 2,6385,19488,Continuous (float)
wspeed2_wave2,,Other,Wave 2,6379,19494,Continuous (float)
wspeed_wave2,,Other,Wave 2,6379,19494,Continuous (float)
systo1_wave2,,Other,Wave 2,12984,12889,Continuous (float)
systo2_wave2,,Other,Wave 2,12959,12914,Continuous (float)
systo3_wave2,,Other,Wave 2,12930,12943,Continuous (float)
systo_wave2,,Other,Wave 2,12958,12915,Continuous (float)
diasto1_wave2,,Other,Wave 2,12980,12893,Continuous (float)
diasto2_wave2,,Other,Wave 2,12957,12916,Continuous (float)
diasto3_wave2,,Other,Wave 2,12929,12944,Continuous (float)
diasto_wave2,,Other,Wave 2,12956,12917,Continuous (float)
pulse1_wave2,,Other,Wave 2,12977,12896,Continuous (float)
pulse2_wave2,,Other,Wave 2,12954,12919,Continuous (float)
pulse3_wave2,,Other,Wave 2,12926,12947,Continuous (float)
pulse_wave2,"Pulse rate (bpm, mean of 3 measurements)",Physical Measures,Wave 2,12953,12920,Continuous (float)
lgrip1_wave2,"Left hand grip strength (kg, trial 1)",Physical Measures,Wave 2,12841,13032,Continuous (float)
lgrip2_wave2,"Left hand grip strength (kg, trial 2)",Physical Measures,Wave 2,12824,13049,Continuous (float)
lgrip_wave2,,Other,Wave 2,12848,13025,Continuous (float)
rgrip1_wave2,"Right hand grip strength (kg, trial 1)",Physical Measures,Wave 2,12836,13037,Continuous (float)
rgrip2_wave2,"Right hand grip strength (kg, trial 2)",Physical Measures,Wave 2,12799,13074,Continuous (float)
rgrip_wave2,,Other,Wave 2,12851,13022,Continuous (float)
mheight_wave2,Measured height (cm),Physical Measures,Wave 2,13021,12852,Continuous (float)
mweight_wave2,Measured weight (kg),Physical Measures,Wave 2,13009,12864,Continuous (float)
mwaist_wave2,Measured waist circumference (cm),Physical Measures,Wave 2,13042,12831,Continuous (float)
tyg_wave2,Triglyceride-Glucose Index: ln[TG×FPG/2],Blood Biomarkers,Wave 2,0,25873,Continuous (float)
tyg_bmi_wave2,TyG-BMI product,Blood Biomarkers,Wave 2,0,25873,Continuous (float)
water_wave2,,Other,Wave 2,18348,7525,Continuous (float)
puff1_wave2,,Other,Wave 2,12476,13397,Continuous (float)
puff2_wave2,,Other,Wave 2,12444,13429,Continuous (float)
puff3_wave2,,Other,Wave 2,12450,13423,Continuous (float)
puff_wave2,,Other,Wave 2,12487,13386,Continuous (float)
glass_wave2,,Other,Wave 2,18417,7456,Continuous (float)
eyesight_distance_wave2,,Other,Wave 2,16844,9029,Continuous (float)
eyesight_close_wave2,,Other,Wave 2,16842,9031,Continuous (float)
hear_aid_wave2,,Other,Wave 2,18333,7540,Continuous (float)
hear_wave2,,Other,Wave 2,16840,9033,Continuous (float)
teeth_wave2,,Other,Wave 2,18425,7448,Continuous (float)
hspnite_wave2,,Other,Wave 2,18279,7594,Continuous (float)
hibpe_1_wave2,,Disease History,Wave 2,17864,8009,Continuous (float)
diabe_1_wave2,,Disease History,Wave 2,17534,8339,Continuous (float)
gender_wave3,"Sex (0=male, 1=female)",Demographics,Wave 3,17430,8443,Continuous (float)
nation_wave3,"Ethnicity (1=Han, 0=other)",Demographics,Wave 3,18135,7738,Continuous (float)
hibpe_wave3,"Hypertension (1=self-reported diagnosis, 0=no)",Disease History,Wave 3,17008,8865,Continuous (float)
dyslipe_wave3,"Dyslipidemia (1=self-reported diagnosis, 0=no)",Disease History,Wave 3,16565,9308,Continuous (float)
diabe_wave3,"Diabetes (1=self-reported diagnosis, 0=no)",Disease History,Wave 3,16877,8996,Continuous (float)
cancre_wave3,"Cancer (1=self-reported diagnosis, 0=no)",Disease History,Wave 3,17004,8869,Continuous (float)
lunge_wave3,"Chronic lung disease (1=self-reported diagnosis, 0=no)",Disease History,Wave 3,17032,8841,Continuous (float)
livere_wave3,"Liver disease (1=self-reported diagnosis, 0=no)",Disease History,Wave 3,16955,8918,Continuous (float)
hearte_wave3,"Heart disease (1=self-reported diagnosis, 0=no)",Disease History,Wave 3,16963,8910,Continuous (float)
stroke_wave3,"Stroke (1=self-reported diagnosis, 0=no)",Disease History,Wave 3,17065,8808,Continuous (float)
kidneye_wave3,"Kidney disease (1=self-reported diagnosis, 0=no)",Disease History,Wave 3,16972,8901,Continuous (float)
digeste_wave3,"Digestive disease (1=self-reported diagnosis, 0=no)",Disease History,Wave 3,17051,8822,Continuous (float)
psyche_wave3,"Psychiatric/emotional problems (1=self-reported diagnosis, 0=no)",Disease History,Wave 3,17033,8840,Continuous (float)
memrye_wave3,"Memory-related disease (1=self-reported diagnosis, 0=no)",Disease History,Wave 3,17017,8856,Continuous (float)
arthre_wave3,"Arthritis/rheumatism (1=self-reported diagnosis, 0=no)",Disease History,Wave 3,17049,8824,Continuous (float)
asthmae_wave3,"Asthma (1=self-reported diagnosis, 0=no)",Disease History,Wave 3,17038,8835,Continuous (float)
doctor_time_wave3,Number of outpatient visits (past month),Healthcare Utilization,Wave 3,20769,5104,Continuous (float)
hospital_time_wave3,Number of inpatient admissions (past year),Healthcare Utilization,Wave 3,20867,5006,Continuous (float)
da042s1_wave3,,Healthcare Utilization,Wave 3,19692,6181,Continuous (float)
da042s2_wave3,,Healthcare Utilization,Wave 3,19692,6181,Continuous (float)
da042s3_wave3,,Healthcare Utilization,Wave 3,19692,6181,Continuous (float)
da042s4_wave3,,Healthcare Utilization,Wave 3,19692,6181,Continuous (float)
da042s5_wave3,,Healthcare Utilization,Wave 3,19692,6181,Continuous (float)
da042s6_wave3,,Healthcare Utilization,Wave 3,19692,6181,Continuous (float)
da042s7_wave3,,Healthcare Utilization,Wave 3,19692,6181,Continuous (float)
da042s8_wave3,,Healthcare Utilization,Wave 3,19692,6181,Continuous (float)
da042s9_wave3,,Healthcare Utilization,Wave 3,19692,6181,Continuous (float)
da042s10_wave3,,Healthcare Utilization,Wave 3,19692,6181,Continuous (float)
da042s11_wave3,,Healthcare Utilization,Wave 3,19692,6181,Continuous (float)
da042s12_wave3,,Healthcare Utilization,Wave 3,19692,6181,Continuous (float)
da042s13_wave3,,Healthcare Utilization,Wave 3,19692,6181,Continuous (float)
da042s14_wave3,,Healthcare Utilization,Wave 3,19692,6181,Continuous (float)
da042s15_wave3,,Healthcare Utilization,Wave 3,19692,6181,Continuous (float)
sleep_wave3,Average sleep duration (hours/night),Lifestyle & Behavior,Wave 3,19405,6468,Continuous (float)
act_1_wave3,,Lifestyle & Behavior,Wave 3,21097,4776,Continuous (float)
act_2_wave3,,Lifestyle & Behavior,Wave 3,21097,4776,Continuous (float)
act_3_wave3,,Lifestyle & Behavior,Wave 3,21097,4776,Continuous (float)
act_4_wave3,,Lifestyle & Behavior,Wave 3,21097,4776,Continuous (float)
act_5_wave3,,Lifestyle & Behavior,Wave 3,21097,4776,Continuous (float)
act_6_wave3,,Lifestyle & Behavior,Wave 3,21097,4776,Continuous (float)
act_7_wave3,,Lifestyle & Behavior,Wave 3,21097,4776,Continuous (float)
act_8_wave3,,Lifestyle & Behavior,Wave 3,21097,4776,Continuous (float)
iwy_wave3,"Individual wage (annual, yuan)",Work & Income,Wave 3,21097,4776,Continuous (float)
iwm_wave3,"Individual income (annual, yuan)",Work & Income,Wave 3,21097,4776,Continuous (float)
retire_wave3,"Retirement status (1=retired, 0=not)",Work & Income,Wave 3,20570,5303,Continuous (float)
rural_wave3,"Rural residence (1=rural, 0=urban)",Demographics,Wave 3,21097,4776,Continuous (float)
family_size_wave3,Number of household members,Demographics,Wave 3,21097,4776,Continuous (float)
marry_wave3,"Marital status (1=married/partnered, 0=other)",Demographics,Wave 3,21060,4813,Continuous (float)
rural2_wave3,Rural residence (alternative coding),Demographics,Wave 3,18362,7511,Continuous (float)
srh_wave3,"Self-rated health (1=very good, 5=very poor)",Self-rated Health,Wave 3,19698,6175,Continuous (float)
smokev_wave3,"Smoking status (0=never, 1=former, 2=current)",Lifestyle & Behavior,Wave 3,20932,4941,Continuous (float)
smoken_wave3,Cigarettes per day (current smokers),Lifestyle & Behavior,Wave 3,20920,4953,Continuous (float)
drinkl_wave3,Alcohol consumption frequency,Lifestyle & Behavior,Wave 3,20913,4960,Continuous (float)
vgact_c_wave3,,Lifestyle & Behavior,Wave 3,9845,16028,Continuous (float)
mdact_c_wave3,,Lifestyle & Behavior,Wave 3,9835,16038,Continuous (float)
ltact_c_wave3,,Lifestyle & Behavior,Wave 3,9840,16033,Continuous (float)
memeory_wave3,Memory score component,Cognitive Function,Wave 3,18909,6964,Continuous (float)
executive_wave3,Executive function score component,Cognitive Function,Wave 3,17189,8684,Continuous (float)
total_cognition_wave3,Total cognitive function score,Cognitive Function,Wave 3,16786,9087,Continuous (float)
cesd10_wave3,CESD-10 depression score (range 0-30),Depression,Wave 3,19611,6262,Continuous (float)
hhcperc_wave3,Household consumption per capita,Living Arrangements,Wave 3,14256,11617,Continuous (float)
hchild_wave3,Number of living children,Living Arrangements,Wave 3,21097,4776,Continuous (float)
pension_wave3,Pension receipt status,Insurance & Social Security,Wave 3,17543,8330,Continuous (float)
ins_wave3,Health insurance type,Insurance & Social Security,Wave 3,17117,8756,Continuous (float)
ea001s1_wave3,,Work & Income,Wave 3,20288,5585,Continuous (float)
ea001s2_wave3,,Work & Income,Wave 3,20050,5823,Continuous (float)
ea001s3_wave3,,Work & Income,Wave 3,20240,5633,Continuous (float)
ea001s4_wave3,,Work & Income,Wave 3,20252,5621,Continuous (float)
ea001s5_wave3,,Work & Income,Wave 3,20254,5619,Continuous (float)
ea001s11_wave3,,Work & Income,Wave 3,20051,5822,Continuous (float)
satlife_wave3,,Other,Wave 3,19468,6405,Continuous (float)
adlab_c_wave3,,Functional Status,Wave 3,20195,5678,Continuous (float)
iadl_wave3,IADL summary score,Functional Status,Wave 3,20920,4953,Continuous (float)
fcamt_wave3,,Other,Wave 3,20826,5047,Continuous (float)
tcamt_wave3,,Other,Wave 3,20826,5047,Continuous (float)
income_total_wave3,,Other,Wave 3,7790,18083,Continuous (float)
doctor_wave3,,Other,Wave 3,20874,4999,Continuous (float)
hospital_wave3,,Other,Wave 3,20879,4994,Continuous (float)
fall_down_wave3,,Other,Wave 3,20913,4960,Continuous (float)
hip_wave3,,Other,Wave 3,20919,4954,Continuous (float)
129,,Other,Non-wave,21097,4776,Continuous (float)
city_wave3,,Other,Wave 3,21097,4776,Continuous (float)
age_wave3,Age in years,Demographics,Wave 3,21049,4824,Continuous (float)
edu_wave3,,Other,Wave 3,21050,4823,Continuous (float)
exercise_wave3,,Other,Wave 3,9847,16026,Continuous (float)
totmet_wave3,,Other,Wave 3,9673,16200,Continuous (float)
chronic_wave3,,Other,Wave 3,17512,8361,Continuous (float)
ea001s6_wave3,,Work & Income,Wave 3,20220,5653,Continuous (float)
ea001s7_wave3,,Work & Income,Wave 3,20283,5590,Continuous (float)
ea001s8_wave3,,Work & Income,Wave 3,20274,5599,Continuous (float)
ea001s9_wave3,,Work & Income,Wave 3,20256,5617,Continuous (float)
ea001s10_wave3,,Work & Income,Wave 3,0,25873,Continuous (float)
disability_wave3,,Other,Wave 3,20930,4943,Continuous (float)
drinkev_wave3,,Other,Wave 3,20899,4974,Continuous (float)
bmi_wave3,"Body Mass Index (kg/m², calculated from measured weight/height)",Physical Measures,Wave 3,16170,9703,Continuous (float)
oophos1y_wave3,,Other,Wave 3,20613,5260,Continuous (float)
tothos1y_wave3,,Other,Wave 3,20611,5262,Continuous (float)
oopdoc1m_wave3,,Other,Wave 3,20517,5356,Continuous (float)
totdoc1m_wave3,,Other,Wave 3,20567,5306,Continuous (float)
bloodweight_wave3,Blood sample weight,Physical Measures,Wave 3,13012,12861,Continuous (float)
bl_fasting_wave3,,Other,Wave 3,13418,12455,Continuous (float)
bl_wbc_wave3,,Other,Wave 3,13241,12632,Continuous (float)
bl_mcv_wave3,,Other,Wave 3,13241,12632,Continuous (float)
bl_plt_wave3,,Other,Wave 3,13236,12637,Continuous (float)
bl_bun_wave3,,Other,Wave 3,13353,12520,Continuous (float)
bl_glu_wave3,,Other,Wave 3,13387,12486,Continuous (float)
bl_crea_wave3,,Other,Wave 3,13351,12522,Continuous (float)
bl_cho_wave3,,Other,Wave 3,13353,12520,Continuous (float)
bl_tg_wave3,,Other,Wave 3,13353,12520,Continuous (float)
bl_hdl_wave3,"HDL cholesterol (mg/dL, blood assay)",Blood Biomarkers,Wave 3,13353,12520,Continuous (float)
bl_ldl_wave3,"LDL cholesterol (mg/dL, blood assay)",Blood Biomarkers,Wave 3,13352,12521,Continuous (float)
bl_crp_wave3,"C-reactive protein (mg/L, blood assay)",Blood Biomarkers,Wave 3,13351,12522,Continuous (float)
bl_hbalc_wave3,,Other,Wave 3,13408,12465,Continuous (float)
bl_ua_wave3,,Other,Wave 3,13387,12486,Continuous (float)
bl_hct_wave3,,Other,Wave 3,13240,12633,Continuous (float)
bl_hgb_wave3,,Other,Wave 3,13241,12632,Continuous (float)
bl_cysc_wave3,,Other,Wave 3,13347,12526,Continuous (float)
bl_top_coding_tg_wave3,,Other,Wave 3,13419,12454,Continuous (float)
wspeed1_wave3,,Other,Wave 3,8070,17803,Continuous (float)
wspeed2_wave3,,Other,Wave 3,8070,17803,Continuous (float)
wspeed_wave3,,Other,Wave 3,8064,17809,Continuous (float)
systo1_wave3,,Other,Wave 3,16227,9646,Continuous (float)
systo2_wave3,,Other,Wave 3,16189,9684,Continuous (float)
systo3_wave3,,Other,Wave 3,16146,9727,Continuous (float)
systo_wave3,,Other,Wave 3,16188,9685,Continuous (float)
diasto1_wave3,,Other,Wave 3,16224,9649,Continuous (float)
diasto2_wave3,,Other,Wave 3,16186,9687,Continuous (float)
diasto3_wave3,,Other,Wave 3,16145,9728,Continuous (float)
diasto_wave3,,Other,Wave 3,16185,9688,Continuous (float)
pulse1_wave3,,Other,Wave 3,16222,9651,Continuous (float)
pulse2_wave3,,Other,Wave 3,16180,9693,Continuous (float)
pulse3_wave3,,Other,Wave 3,16143,9730,Continuous (float)
pulse_wave3,"Pulse rate (bpm, mean of 3 measurements)",Physical Measures,Wave 3,16179,9694,Continuous (float)
lgrip1_wave3,"Left hand grip strength (kg, trial 1)",Physical Measures,Wave 3,16074,9799,Continuous (float)
lgrip2_wave3,"Left hand grip strength (kg, trial 2)",Physical Measures,Wave 3,16056,9817,Continuous (float)
lgrip_wave3,,Other,Wave 3,16085,9788,Continuous (float)
rgrip1_wave3,"Right hand grip strength (kg, trial 1)",Physical Measures,Wave 3,16069,9804,Continuous (float)
rgrip2_wave3,"Right hand grip strength (kg, trial 2)",Physical Measures,Wave 3,16028,9845,Continuous (float)
rgrip_wave3,,Other,Wave 3,16083,9790,Continuous (float)
mheight_wave3,Measured height (cm),Physical Measures,Wave 3,16220,9653,Continuous (float)
mweight_wave3,Measured weight (kg),Physical Measures,Wave 3,16234,9639,Continuous (float)
mwaist_wave3,Measured waist circumference (cm),Physical Measures,Wave 3,16249,9624,Continuous (float)
tyg_wave3,Triglyceride-Glucose Index: ln[TG×FPG/2],Blood Biomarkers,Wave 3,13352,12521,Continuous (float)
tyg_bmi_wave3,TyG-BMI product,Blood Biomarkers,Wave 3,13098,12775,Continuous (float)
water_wave3,,Other,Wave 3,20911,4962,Continuous (float)
puff1_wave3,,Other,Wave 3,16028,9845,Continuous (float)
puff2_wave3,,Other,Wave 3,15984,9889,Continuous (float)
puff3_wave3,,Other,Wave 3,15993,9880,Continuous (float)
puff_wave3,,Other,Wave 3,16029,9844,Continuous (float)
glass_wave3,,Other,Wave 3,20933,4940,Continuous (float)
eyesight_distance_wave3,,Other,Wave 3,19699,6174,Continuous (float)
eyesight_close_wave3,,Other,Wave 3,19682,6191,Continuous (float)
hear_aid_wave3,,Other,Wave 3,20766,5107,Continuous (float)
hear_wave3,,Other,Wave 3,19682,6191,Continuous (float)
teeth_wave3,,Other,Wave 3,20929,4944,Continuous (float)
hspnite_wave3,,Other,Wave 3,20787,5086,Continuous (float)
hibpe_1_wave3,,Disease History,Wave 3,17873,8000,Continuous (float)
diabe_1_wave3,,Disease History,Wave 3,17171,8702,Continuous (float)
gender_wave4,"Sex (0=male, 1=female)",Demographics,Wave 4,17655,8218,Continuous (float)
nation_wave4,"Ethnicity (1=Han, 0=other)",Demographics,Wave 4,19816,6057,Continuous (float)
hibpe_wave4,"Hypertension (1=self-reported diagnosis, 0=no)",Disease History,Wave 4,19780,6093,Continuous (float)
dyslipe_wave4,"Dyslipidemia (1=self-reported diagnosis, 0=no)",Disease History,Wave 4,19779,6094,Continuous (float)
diabe_wave4,"Diabetes (1=self-reported diagnosis, 0=no)",Disease History,Wave 4,19792,6081,Continuous (float)
cancre_wave4,"Cancer (1=self-reported diagnosis, 0=no)",Disease History,Wave 4,19795,6078,Continuous (float)
lunge_wave4,"Chronic lung disease (1=self-reported diagnosis, 0=no)",Disease History,Wave 4,19791,6082,Continuous (float)
livere_wave4,"Liver disease (1=self-reported diagnosis, 0=no)",Disease History,Wave 4,19792,6081,Continuous (float)
hearte_wave4,"Heart disease (1=self-reported diagnosis, 0=no)",Disease History,Wave 4,19783,6090,Continuous (float)
stroke_wave4,"Stroke (1=self-reported diagnosis, 0=no)",Disease History,Wave 4,19793,6080,Continuous (float)
kidneye_wave4,"Kidney disease (1=self-reported diagnosis, 0=no)",Disease History,Wave 4,19794,6079,Continuous (float)
digeste_wave4,"Digestive disease (1=self-reported diagnosis, 0=no)",Disease History,Wave 4,19785,6088,Continuous (float)
psyche_wave4,"Psychiatric/emotional problems (1=self-reported diagnosis, 0=no)",Disease History,Wave 4,19797,6076,Continuous (float)
memrye_wave4,"Memory-related disease (1=self-reported diagnosis, 0=no)",Disease History,Wave 4,19796,6077,Continuous (float)
arthre_wave4,"Arthritis/rheumatism (1=self-reported diagnosis, 0=no)",Disease History,Wave 4,19779,6094,Continuous (float)
asthmae_wave4,"Asthma (1=self-reported diagnosis, 0=no)",Disease History,Wave 4,19797,6076,Continuous (float)
doctor_time_wave4,Number of outpatient visits (past month),Healthcare Utilization,Wave 4,19524,6349,Continuous (float)
hospital_time_wave4,Number of inpatient admissions (past year),Healthcare Utilization,Wave 4,19764,6109,Continuous (float)
da042s1_wave4,,Healthcare Utilization,Wave 4,19737,6136,Continuous (float)
da042s2_wave4,,Healthcare Utilization,Wave 4,19737,6136,Continuous (float)
da042s3_wave4,,Healthcare Utilization,Wave 4,19737,6136,Continuous (float)
da042s4_wave4,,Healthcare Utilization,Wave 4,19737,6136,Continuous (float)
da042s5_wave4,,Healthcare Utilization,Wave 4,19737,6136,Continuous (float)
da042s6_wave4,,Healthcare Utilization,Wave 4,19737,6136,Continuous (float)
da042s7_wave4,,Healthcare Utilization,Wave 4,19737,6136,Continuous (float)
da042s8_wave4,,Healthcare Utilization,Wave 4,19737,6136,Continuous (float)
da042s9_wave4,,Healthcare Utilization,Wave 4,19737,6136,Continuous (float)
da042s10_wave4,,Healthcare Utilization,Wave 4,19737,6136,Continuous (float)
da042s11_wave4,,Healthcare Utilization,Wave 4,19737,6136,Continuous (float)
da042s12_wave4,,Healthcare Utilization,Wave 4,19737,6136,Continuous (float)
da042s13_wave4,,Healthcare Utilization,Wave 4,19737,6136,Continuous (float)
da042s14_wave4,,Healthcare Utilization,Wave 4,19737,6136,Continuous (float)
da042s15_wave4,,Healthcare Utilization,Wave 4,19737,6136,Continuous (float)
sleep_wave4,Average sleep duration (hours/night),Lifestyle & Behavior,Wave 4,19735,6138,Continuous (float)
act_1_wave4,,Lifestyle & Behavior,Wave 4,19730,6143,Continuous (float)
act_2_wave4,,Lifestyle & Behavior,Wave 4,19730,6143,Continuous (float)
act_3_wave4,,Lifestyle & Behavior,Wave 4,19730,6143,Continuous (float)
act_4_wave4,,Lifestyle & Behavior,Wave 4,19730,6143,Continuous (float)
act_5_wave4,,Lifestyle & Behavior,Wave 4,19730,6143,Continuous (float)
act_6_wave4,,Lifestyle & Behavior,Wave 4,19730,6143,Continuous (float)
act_7_wave4,,Lifestyle & Behavior,Wave 4,19730,6143,Continuous (float)
act_8_wave4,,Lifestyle & Behavior,Wave 4,19730,6143,Continuous (float)
iwy_wave4,"Individual wage (annual, yuan)",Work & Income,Wave 4,19816,6057,Continuous (float)
iwm_wave4,"Individual income (annual, yuan)",Work & Income,Wave 4,19816,6057,Continuous (float)
retire_wave4,"Retirement status (1=retired, 0=not)",Work & Income,Wave 4,19562,6311,Continuous (float)
rural_wave4,"Rural residence (1=rural, 0=urban)",Demographics,Wave 4,19816,6057,Continuous (float)
family_size_wave4,Number of household members,Demographics,Wave 4,19816,6057,Continuous (float)
marry_wave4,"Marital status (1=married/partnered, 0=other)",Demographics,Wave 4,19816,6057,Continuous (float)
rural2_wave4,Rural residence (alternative coding),Demographics,Wave 4,18098,7775,Continuous (float)
srh_wave4,"Self-rated health (1=very good, 5=very poor)",Self-rated Health,Wave 4,18278,7595,Continuous (float)
smokev_wave4,"Smoking status (0=never, 1=former, 2=current)",Lifestyle & Behavior,Wave 4,19734,6139,Continuous (float)
smoken_wave4,Cigarettes per day (current smokers),Lifestyle & Behavior,Wave 4,19729,6144,Continuous (float)
drinkl_wave4,Alcohol consumption frequency,Lifestyle & Behavior,Wave 4,19729,6144,Continuous (float)
vgact_c_wave4,,Lifestyle & Behavior,Wave 4,19732,6141,Continuous (float)
mdact_c_wave4,,Lifestyle & Behavior,Wave 4,19732,6141,Continuous (float)
ltact_c_wave4,,Lifestyle & Behavior,Wave 4,19732,6141,Continuous (float)
memeory_wave4,Memory score component,Cognitive Function,Wave 4,15688,10185,Continuous (float)
executive_wave4,Executive function score component,Cognitive Function,Wave 4,12699,13174,Continuous (float)
total_cognition_wave4,Total cognitive function score,Cognitive Function,Wave 4,12143,13730,Continuous (float)
cesd10_wave4,CESD-10 depression score (range 0-30),Depression,Wave 4,18005,7868,Continuous (float)
hhcperc_wave4,Household consumption per capita,Living Arrangements,Wave 4,16491,9382,Continuous (float)
hchild_wave4,Number of living children,Living Arrangements,Wave 4,19816,6057,Continuous (float)
pension_wave4,Pension receipt status,Insurance & Social Security,Wave 4,17666,8207,Continuous (float)
ins_wave4,Health insurance type,Insurance & Social Security,Wave 4,19772,6101,Continuous (float)
ea001s1_wave4,,Work & Income,Wave 4,19772,6101,Continuous (float)
ea001s2_wave4,,Work & Income,Wave 4,19772,6101,Continuous (float)
ea001s3_wave4,,Work & Income,Wave 4,19772,6101,Continuous (float)
ea001s4_wave4,,Work & Income,Wave 4,19772,6101,Continuous (float)
ea001s5_wave4,,Work & Income,Wave 4,19772,6101,Continuous (float)
ea001s11_wave4,,Work & Income,Wave 4,19772,6101,Continuous (float)
satlife_wave4,,Other,Wave 4,18152,7721,Continuous (float)
adlab_c_wave4,,Functional Status,Wave 4,19455,6418,Continuous (float)
iadl_wave4,IADL summary score,Functional Status,Wave 4,19721,6152,Continuous (float)
fcamt_wave4,,Other,Wave 4,19612,6261,Continuous (float)
tcamt_wave4,,Other,Wave 4,19612,6261,Continuous (float)
income_total_wave4,,Other,Wave 4,14162,11711,Continuous (float)
doctor_wave4,,Other,Wave 4,19764,6109,Continuous (float)
hospital_wave4,,Other,Wave 4,19764,6109,Continuous (float)
fall_down_wave4,,Other,Wave 4,19741,6132,Continuous (float)
hip_wave4,,Other,Wave 4,19741,6132,Continuous (float)
130,,Other,Non-wave,19816,6057,Continuous (float)
city_wave4,,Other,Wave 4,19816,6057,Continuous (float)
age_wave4,Age in years,Demographics,Wave 4,19800,6073,Continuous (float)
edu_wave4,,Other,Wave 4,19816,6057,Continuous (float)
exercise_wave4,,Other,Wave 4,19732,6141,Continuous (float)
totmet_wave4,,Other,Wave 4,19732,6141,Continuous (float)
chronic_wave4,,Other,Wave 4,19798,6075,Continuous (float)
ea001s6_wave4,,Work & Income,Wave 4,19772,6101,Continuous (float)
ea001s7_wave4,,Work & Income,Wave 4,19772,6101,Continuous (float)
ea001s8_wave4,,Work & Income,Wave 4,19772,6101,Continuous (float)
ea001s9_wave4,,Work & Income,Wave 4,19772,6101,Continuous (float)
ea001s10_wave4,,Work & Income,Wave 4,19772,6101,Continuous (float)
disability_wave4,,Other,Wave 4,19749,6124,Continuous (float)
drinkev_wave4,,Other,Wave 4,19742,6131,Continuous (float)
bmi_wave4,"Body Mass Index (kg/m², calculated from measured weight/height)",Physical Measures,Wave 4,0,25873,Continuous (float)
oophos1y_wave4,,Other,Wave 4,19503,6370,Continuous (float)
tothos1y_wave4,,Other,Wave 4,19545,6328,Continuous (float)
oopdoc1m_wave4,,Other,Wave 4,19603,6270,Continuous (float)
totdoc1m_wave4,,Other,Wave 4,19639,6234,Continuous (float)
bloodweight_wave4,Blood sample weight,Physical Measures,Wave 4,0,25873,Continuous (float)
bl_fasting_wave4,,Other,Wave 4,0,25873,Continuous (float)
bl_wbc_wave4,,Other,Wave 4,0,25873,Continuous (float)
bl_mcv_wave4,,Other,Wave 4,0,25873,Continuous (float)
bl_plt_wave4,,Other,Wave 4,0,25873,Continuous (float)
bl_bun_wave4,,Other,Wave 4,0,25873,Continuous (float)
bl_glu_wave4,,Other,Wave 4,0,25873,Continuous (float)
bl_crea_wave4,,Other,Wave 4,0,25873,Continuous (float)
bl_cho_wave4,,Other,Wave 4,0,25873,Continuous (float)
bl_tg_wave4,,Other,Wave 4,0,25873,Continuous (float)
bl_hdl_wave4,"HDL cholesterol (mg/dL, blood assay)",Blood Biomarkers,Wave 4,0,25873,Continuous (float)
bl_ldl_wave4,"LDL cholesterol (mg/dL, blood assay)",Blood Biomarkers,Wave 4,0,25873,Continuous (float)
bl_crp_wave4,"C-reactive protein (mg/L, blood assay)",Blood Biomarkers,Wave 4,0,25873,Continuous (float)
bl_hbalc_wave4,,Other,Wave 4,0,25873,Continuous (float)
bl_ua_wave4,,Other,Wave 4,0,25873,Continuous (float)
bl_hct_wave4,,Other,Wave 4,0,25873,Continuous (float)
bl_hgb_wave4,,Other,Wave 4,0,25873,Continuous (float)
bl_cysc_wave4,,Other,Wave 4,0,25873,Continuous (float)
bl_top_coding_tg_wave4,,Other,Wave 4,0,25873,Continuous (float)
wspeed1_wave4,,Other,Wave 4,0,25873,Continuous (float)
wspeed2_wave4,,Other,Wave 4,0,25873,Continuous (float)
wspeed_wave4,,Other,Wave 4,0,25873,Continuous (float)
systo1_wave4,,Other,Wave 4,0,25873,Continuous (float)
systo2_wave4,,Other,Wave 4,0,25873,Continuous (float)
systo3_wave4,,Other,Wave 4,0,25873,Continuous (float)
systo_wave4,,Other,Wave 4,0,25873,Continuous (float)
diasto1_wave4,,Other,Wave 4,0,25873,Continuous (float)
diasto2_wave4,,Other,Wave 4,0,25873,Continuous (float)
diasto3_wave4,,Other,Wave 4,0,25873,Continuous (float)
diasto_wave4,,Other,Wave 4,0,25873,Continuous (float)
pulse1_wave4,,Other,Wave 4,0,25873,Continuous (float)
pulse2_wave4,,Other,Wave 4,0,25873,Continuous (float)
pulse3_wave4,,Other,Wave 4,0,25873,Continuous (float)
pulse_wave4,"Pulse rate (bpm, mean of 3 measurements)",Physical Measures,Wave 4,0,25873,Continuous (float)
lgrip1_wave4,"Left hand grip strength (kg, trial 1)",Physical Measures,Wave 4,0,25873,Continuous (float)
lgrip2_wave4,"Left hand grip strength (kg, trial 2)",Physical Measures,Wave 4,0,25873,Continuous (float)
lgrip_wave4,,Other,Wave 4,0,25873,Continuous (float)
rgrip1_wave4,"Right hand grip strength (kg, trial 1)",Physical Measures,Wave 4,0,25873,Continuous (float)
rgrip2_wave4,"Right hand grip strength (kg, trial 2)",Physical Measures,Wave 4,0,25873,Continuous (float)
rgrip_wave4,,Other,Wave 4,0,25873,Continuous (float)
mheight_wave4,Measured height (cm),Physical Measures,Wave 4,0,25873,Continuous (float)
mweight_wave4,Measured weight (kg),Physical Measures,Wave 4,0,25873,Continuous (float)
mwaist_wave4,Measured waist circumference (cm),Physical Measures,Wave 4,0,25873,Continuous (float)
tyg_wave4,Triglyceride-Glucose Index: ln[TG×FPG/2],Blood Biomarkers,Wave 4,0,25873,Continuous (float)
tyg_bmi_wave4,TyG-BMI product,Blood Biomarkers,Wave 4,0,25873,Continuous (float)
water_wave4,,Other,Wave 4,19694,6179,Continuous (float)
puff1_wave4,,Other,Wave 4,0,25873,Continuous (float)
puff2_wave4,,Other,Wave 4,0,25873,Continuous (float)
puff3_wave4,,Other,Wave 4,0,25873,Continuous (float)
puff_wave4,,Other,Wave 4,0,25873,Continuous (float)
glass_wave4,,Other,Wave 4,19740,6133,Continuous (float)
eyesight_distance_wave4,,Other,Wave 4,19684,6189,Continuous (float)
eyesight_close_wave4,,Other,Wave 4,19683,6190,Continuous (float)
hear_aid_wave4,,Other,Wave 4,19739,6134,Continuous (float)
hear_wave4,,Other,Wave 4,19697,6176,Continuous (float)
teeth_wave4,,Other,Wave 4,19739,6134,Continuous (float)
hspnite_wave4,,Other,Wave 4,19761,6112,Continuous (float)
hibpe_1_wave4,,Disease History,Wave 4,19780,6093,Continuous (float)
diabe_1_wave4,,Disease History,Wave 4,19792,6081,Continuous (float)
gender_wave5,"Sex (0=male, 1=female)",Demographics,Wave 5,19395,6478,Continuous (float)
nation_wave5,"Ethnicity (1=Han, 0=other)",Demographics,Wave 5,17655,8218,Continuous (float)
hibpe_wave5,"Hypertension (1=self-reported diagnosis, 0=no)",Disease History,Wave 5,19367,6506,Continuous (float)
dyslipe_wave5,"Dyslipidemia (1=self-reported diagnosis, 0=no)",Disease History,Wave 5,19366,6507,Continuous (float)
diabe_wave5,"Diabetes (1=self-reported diagnosis, 0=no)",Disease History,Wave 5,19365,6508,Continuous (float)
cancre_wave5,"Cancer (1=self-reported diagnosis, 0=no)",Disease History,Wave 5,19364,6509,Continuous (float)
lunge_wave5,"Chronic lung disease (1=self-reported diagnosis, 0=no)",Disease History,Wave 5,19364,6509,Continuous (float)
livere_wave5,"Liver disease (1=self-reported diagnosis, 0=no)",Disease History,Wave 5,19365,6508,Continuous (float)
hearte_wave5,"Heart disease (1=self-reported diagnosis, 0=no)",Disease History,Wave 5,19364,6509,Continuous (float)
stroke_wave5,"Stroke (1=self-reported diagnosis, 0=no)",Disease History,Wave 5,19363,6510,Continuous (float)
kidneye_wave5,"Kidney disease (1=self-reported diagnosis, 0=no)",Disease History,Wave 5,19363,6510,Continuous (float)
digeste_wave5,"Digestive disease (1=self-reported diagnosis, 0=no)",Disease History,Wave 5,19363,6510,Continuous (float)
psyche_wave5,"Psychiatric/emotional problems (1=self-reported diagnosis, 0=no)",Disease History,Wave 5,19363,6510,Continuous (float)
memrye_wave5,"Memory-related disease (1=self-reported diagnosis, 0=no)",Disease History,Wave 5,19363,6510,Continuous (float)
arthre_wave5,"Arthritis/rheumatism (1=self-reported diagnosis, 0=no)",Disease History,Wave 5,19363,6510,Continuous (float)
asthmae_wave5,"Asthma (1=self-reported diagnosis, 0=no)",Disease History,Wave 5,19363,6510,Continuous (float)
doctor_time_wave5,Number of outpatient visits (past month),Healthcare Utilization,Wave 5,3966,21907,Continuous (float)
hospital_time_wave5,Number of inpatient admissions (past year),Healthcare Utilization,Wave 5,3736,22137,Continuous (float)
da042s1_wave5,,Healthcare Utilization,Wave 5,19356,6517,Continuous (float)
da042s2_wave5,,Healthcare Utilization,Wave 5,19356,6517,Continuous (float)
da042s3_wave5,,Healthcare Utilization,Wave 5,19356,6517,Continuous (float)
da042s4_wave5,,Healthcare Utilization,Wave 5,19356,6517,Continuous (float)
da042s5_wave5,,Healthcare Utilization,Wave 5,19356,6517,Continuous (float)
da042s6_wave5,,Healthcare Utilization,Wave 5,19356,6517,Continuous (float)
da042s7_wave5,,Healthcare Utilization,Wave 5,19356,6517,Continuous (float)
da042s8_wave5,,Healthcare Utilization,Wave 5,19356,6517,Continuous (float)
da042s9_wave5,,Healthcare Utilization,Wave 5,19356,6517,Continuous (float)
da042s10_wave5,,Healthcare Utilization,Wave 5,19356,6517,Continuous (float)
da042s11_wave5,,Healthcare Utilization,Wave 5,19356,6517,Continuous (float)
da042s12_wave5,,Healthcare Utilization,Wave 5,19356,6517,Continuous (float)
da042s13_wave5,,Healthcare Utilization,Wave 5,19356,6517,Continuous (float)
da042s14_wave5,,Healthcare Utilization,Wave 5,19356,6517,Continuous (float)
da042s15_wave5,,Healthcare Utilization,Wave 5,19356,6517,Continuous (float)
sleep_wave5,Average sleep duration (hours/night),Lifestyle & Behavior,Wave 5,19355,6518,Continuous (float)
act_1_wave5,,Lifestyle & Behavior,Wave 5,19351,6522,Continuous (float)
act_2_wave5,,Lifestyle & Behavior,Wave 5,19351,6522,Continuous (float)
act_3_wave5,,Lifestyle & Behavior,Wave 5,19351,6522,Continuous (float)
act_4_wave5,,Lifestyle & Behavior,Wave 5,19351,6522,Continuous (float)
act_5_wave5,,Lifestyle & Behavior,Wave 5,19351,6522,Continuous (float)
act_6_wave5,,Lifestyle & Behavior,Wave 5,19351,6522,Continuous (float)
act_7_wave5,,Lifestyle & Behavior,Wave 5,19351,6522,Continuous (float)
act_8_wave5,,Lifestyle & Behavior,Wave 5,19351,6522,Continuous (float)
iwy_wave5,"Individual wage (annual, yuan)",Work & Income,Wave 5,19395,6478,Continuous (float)
iwm_wave5,"Individual income (annual, yuan)",Work & Income,Wave 5,19395,6478,Continuous (float)
retire_wave5,"Retirement status (1=retired, 0=not)",Work & Income,Wave 5,19358,6515,Continuous (float)
rural_wave5,"Rural residence (1=rural, 0=urban)",Demographics,Wave 5,19395,6478,Continuous (float)
family_size_wave5,Number of household members,Demographics,Wave 5,19395,6478,Continuous (float)
marry_wave5,"Marital status (1=married/partnered, 0=other)",Demographics,Wave 5,19395,6478,Continuous (float)
rural2_wave5,Rural residence (alternative coding),Demographics,Wave 5,19384,6489,Continuous (float)
srh_wave5,"Self-rated health (1=very good, 5=very poor)",Self-rated Health,Wave 5,17576,8297,Continuous (float)
smokev_wave5,"Smoking status (0=never, 1=former, 2=current)",Lifestyle & Behavior,Wave 5,19354,6519,Continuous (float)
smoken_wave5,Cigarettes per day (current smokers),Lifestyle & Behavior,Wave 5,19349,6524,Continuous (float)
drinkl_wave5,Alcohol consumption frequency,Lifestyle & Behavior,Wave 5,19349,6524,Continuous (float)
vgact_c_wave5,,Lifestyle & Behavior,Wave 5,19353,6520,Continuous (float)
mdact_c_wave5,,Lifestyle & Behavior,Wave 5,19353,6520,Continuous (float)
ltact_c_wave5,,Lifestyle & Behavior,Wave 5,19351,6522,Continuous (float)
memeory_wave5,Memory score component,Cognitive Function,Wave 5,16594,9279,Continuous (float)
executive_wave5,Executive function score component,Cognitive Function,Wave 5,13341,12532,Continuous (float)
total_cognition_wave5,Total cognitive function score,Cognitive Function,Wave 5,13195,12678,Continuous (float)
cesd10_wave5,CESD-10 depression score (range 0-30),Depression,Wave 5,16165,9708,Continuous (float)
hhcperc_wave5,Household consumption per capita,Living Arrangements,Wave 5,14534,11339,Continuous (float)
hchild_wave5,Number of living children,Living Arrangements,Wave 5,19395,6478,Continuous (float)
pension_wave5,Pension receipt status,Insurance & Social Security,Wave 5,19395,6478,Continuous (float)
ins_wave5,Health insurance type,Insurance & Social Security,Wave 5,19395,6478,Continuous (float)
ea001s1_wave5,,Work & Income,Wave 5,18460,7413,Continuous (float)
ea001s2_wave5,,Work & Income,Wave 5,18460,7413,Continuous (float)
ea001s3_wave5,,Work & Income,Wave 5,18460,7413,Continuous (float)
ea001s4_wave5,,Work & Income,Wave 5,18460,7413,Continuous (float)
ea001s5_wave5,,Work & Income,Wave 5,18460,7413,Continuous (float)
ea001s11_wave5,,Work & Income,Wave 5,18460,7413,Continuous (float)
satlife_wave5,,Other,Wave 5,17566,8307,Continuous (float)
adlab_c_wave5,,Functional Status,Wave 5,19349,6524,Continuous (float)
iadl_wave5,IADL summary score,Functional Status,Wave 5,19348,6525,Continuous (float)
fcamt_wave5,,Other,Wave 5,19395,6478,Continuous (float)
tcamt_wave5,,Other,Wave 5,19395,6478,Continuous (float)
income_total_wave5,,Other,Wave 5,17225,8648,Continuous (float)
doctor_wave5,,Other,Wave 5,19362,6511,Continuous (float)
hospital_wave5,,Other,Wave 5,19361,6512,Continuous (float)
fall_down_wave5,,Other,Wave 5,130,25743,Continuous (float)
hip_wave5,,Other,Wave 5,19360,6513,Continuous (float)
131,,Other,Non-wave,19395,6478,Continuous (float)
city_wave5,,Other,Wave 5,19395,6478,Continuous (float)
age_wave5,Age in years,Demographics,Wave 5,19395,6478,Continuous (float)
edu_wave5,,Other,Wave 5,19395,6478,Continuous (float)
exercise_wave5,,Other,Wave 5,19352,6521,Continuous (float)
totmet_wave5,,Other,Wave 5,19352,6521,Continuous (float)
chronic_wave5,,Other,Wave 5,19367,6506,Continuous (float)
ea001s6_wave5,,Work & Income,Wave 5,0,25873,Continuous (float)
ea001s7_wave5,,Work & Income,Wave 5,0,25873,Continuous (float)
ea001s8_wave5,,Work & Income,Wave 5,0,25873,Continuous (float)
ea001s9_wave5,,Work & Income,Wave 5,0,25873,Continuous (float)
ea001s10_wave5,,Work & Income,Wave 5,0,25873,Continuous (float)
disability_wave5,,Other,Wave 5,0,25873,Continuous (float)
drinkev_wave5,,Other,Wave 5,0,25873,Continuous (float)
bmi_wave5,"Body Mass Index (kg/m², calculated from measured weight/height)",Physical Measures,Wave 5,0,25873,Continuous (float)
oophos1y_wave5,,Other,Wave 5,0,25873,Continuous (float)
tothos1y_wave5,,Other,Wave 5,0,25873,Continuous (float)
oopdoc1m_wave5,,Other,Wave 5,0,25873,Continuous (float)
totdoc1m_wave5,,Other,Wave 5,0,25873,Continuous (float)
bloodweight_wave5,Blood sample weight,Physical Measures,Wave 5,0,25873,Continuous (float)
bl_fasting_wave5,,Other,Wave 5,0,25873,Continuous (float)
bl_wbc_wave5,,Other,Wave 5,0,25873,Continuous (float)
bl_mcv_wave5,,Other,Wave 5,0,25873,Continuous (float)
bl_plt_wave5,,Other,Wave 5,0,25873,Continuous (float)
bl_bun_wave5,,Other,Wave 5,0,25873,Continuous (float)
bl_glu_wave5,,Other,Wave 5,0,25873,Continuous (float)
bl_crea_wave5,,Other,Wave 5,0,25873,Continuous (float)
bl_cho_wave5,,Other,Wave 5,0,25873,Continuous (float)
bl_tg_wave5,,Other,Wave 5,0,25873,Continuous (float)
bl_hdl_wave5,"HDL cholesterol (mg/dL, blood assay)",Blood Biomarkers,Wave 5,0,25873,Continuous (float)
bl_ldl_wave5,"LDL cholesterol (mg/dL, blood assay)",Blood Biomarkers,Wave 5,0,25873,Continuous (float)
bl_crp_wave5,"C-reactive protein (mg/L, blood assay)",Blood Biomarkers,Wave 5,0,25873,Continuous (float)
bl_hbalc_wave5,,Other,Wave 5,0,25873,Continuous (float)
bl_ua_wave5,,Other,Wave 5,0,25873,Continuous (float)
bl_hct_wave5,,Other,Wave 5,0,25873,Continuous (float)
bl_hgb_wave5,,Other,Wave 5,0,25873,Continuous (float)
bl_cysc_wave5,,Other,Wave 5,0,25873,Continuous (float)
bl_top_coding_tg_wave5,,Other,Wave 5,0,25873,Continuous (float)
wspeed1_wave5,,Other,Wave 5,0,25873,Continuous (float)
wspeed2_wave5,,Other,Wave 5,0,25873,Continuous (float)
wspeed_wave5,,Other,Wave 5,0,25873,Continuous (float)
systo1_wave5,,Other,Wave 5,0,25873,Continuous (float)
systo2_wave5,,Other,Wave 5,0,25873,Continuous (float)
systo3_wave5,,Other,Wave 5,0,25873,Continuous (float)
systo_wave5,,Other,Wave 5,0,25873,Continuous (float)
diasto1_wave5,,Other,Wave 5,0,25873,Continuous (float)
diasto2_wave5,,Other,Wave 5,0,25873,Continuous (float)
diasto3_wave5,,Other,Wave 5,0,25873,Continuous (float)
diasto_wave5,,Other,Wave 5,0,25873,Continuous (float)
pulse1_wave5,,Other,Wave 5,0,25873,Continuous (float)
pulse2_wave5,,Other,Wave 5,0,25873,Continuous (float)
pulse3_wave5,,Other,Wave 5,0,25873,Continuous (float)
pulse_wave5,"Pulse rate (bpm, mean of 3 measurements)",Physical Measures,Wave 5,0,25873,Continuous (float)
lgrip1_wave5,"Left hand grip strength (kg, trial 1)",Physical Measures,Wave 5,0,25873,Continuous (float)
lgrip2_wave5,"Left hand grip strength (kg, trial 2)",Physical Measures,Wave 5,0,25873,Continuous (float)
lgrip_wave5,,Other,Wave 5,0,25873,Continuous (float)
rgrip1_wave5,"Right hand grip strength (kg, trial 1)",Physical Measures,Wave 5,0,25873,Continuous (float)
rgrip2_wave5,"Right hand grip strength (kg, trial 2)",Physical Measures,Wave 5,0,25873,Continuous (float)
rgrip_wave5,,Other,Wave 5,0,25873,Continuous (float)
mheight_wave5,Measured height (cm),Physical Measures,Wave 5,0,25873,Continuous (float)
mweight_wave5,Measured weight (kg),Physical Measures,Wave 5,0,25873,Continuous (float)
mwaist_wave5,Measured waist circumference (cm),Physical Measures,Wave 5,0,25873,Continuous (float)
tyg_wave5,Triglyceride-Glucose Index: ln[TG×FPG/2],Blood Biomarkers,Wave 5,0,25873,Continuous (float)
tyg_bmi_wave5,TyG-BMI product,Blood Biomarkers,Wave 5,0,25873,Continuous (float)
water_wave5,,Other,Wave 5,0,25873,Continuous (float)
puff1_wave5,,Other,Wave 5,0,25873,Continuous (float)
puff2_wave5,,Other,Wave 5,0,25873,Continuous (float)
puff3_wave5,,Other,Wave 5,0,25873,Continuous (float)
puff_wave5,,Other,Wave 5,0,25873,Continuous (float)
glass_wave5,,Other,Wave 5,0,25873,Continuous (float)
eyesight_distance_wave5,,Other,Wave 5,0,25873,Continuous (float)
eyesight_close_wave5,,Other,Wave 5,0,25873,Continuous (float)
hear_aid_wave5,,Other,Wave 5,0,25873,Continuous (float)
hear_wave5,,Other,Wave 5,0,25873,Continuous (float)
teeth_wave5,,Other,Wave 5,0,25873,Continuous (float)
hspnite_wave5,,Other,Wave 5,0,25873,Continuous (float)
hibpe_1_wave5,,Disease History,Wave 5,19367,6506,Continuous (float)
diabe_1_wave5,,Disease History,Wave 5,19365,6508,Continuous (float)
DEADWAVE,Wave year when death was recorded,Mortality,Non-wave,809,25064,Continuous (float)
DEAD,"All-cause mortality (1=deceased, 0=censored)",Mortality,Non-wave,18459,7414,Continuous (float)
DEADYEAR,Year of death,Mortality,Non-wave,18459,7414,Continuous (float)
DEADMONTH,Month of death,Mortality,Non-wave,18459,7414,Continuous (float)
DEADCALENDAR,Calendar year of death (alternative format),Mortality,Non-wave,18459,7414,Continuous (float)
DEADEXPECTED,Expected death indicator,Mortality,Non-wave,18459,7414,Continuous (float)
a7,,Other,Non-wave,20277,5596,Continuous (float)
b4_4_4,,Other,Non-wave,20277,5596,Continuous (float)
d1,,Other,Non-wave,20277,5596,Continuous (float)
Ta1,,Other,Non-wave,20277,5596,Continuous (float)
Tf13,,Other,Non-wave,20277,5596,Continuous (float)
Tj10,,Other,Non-wave,20277,5596,Continuous (float)
Tk1a,,Other,Non-wave,20277,5596,Continuous (float)
HJ34,,Other,Non-wave,20277,5596,Continuous (float)
TH9AS,,Other,Non-wave,20277,5596,Continuous (float)
TH1aH19a,,Other,Non-wave,20277,5596,Continuous (float)
Th1718,,Other,Non-wave,20277,5596,Continuous (float)
Th15,,Other,Non-wave,20277,5596,Continuous (float)
TT1,,Other,Non-wave,20277,5596,Continuous (float)
